{"stats":{"minecraft:killed":{"alexsmobs:lobster":7,"minecraft:skeleton":18,"minecraft:chicken":4,"irons_spellbooks:archevoker":1,"naturalist:snake":1,"minecraft:pillager":8,"minecraft:zombie":21,"minecraft:cow":4,"minecraft:vindicator":1,"quark:toretoise":1,"mowziesmobs:ferrous_wroughtnaut":1,"minecraft:husk":11,"twilightforest:kobold":2,"minecraft:wandering_trader":1,"iceandfire:ghost":3,"creeperoverhaul:savannah_creeper":1,"creeperoverhaul:beach_creeper":1,"irons_spellbooks:priest":1,"minecraft:spider":6,"quark:forgotten":2,"naturalist:snail":1,"irons_spellbooks:summoned_skeleton":2,"alexsmobs:kangaroo":4,"minecraft:pig":4,"alexsmobs:grizzly_bear":1,"irons_spellbooks:necromancer":2,"minecraft:creeper":3,"alexsmobs:crimson_mosquito":2,"minecraft:sheep":1,"minecraft:trader_llama":2,"iceandfire:pixie":1,"minecraft:blaze":3,"irons_spellbooks:summoned_zombie":5,"alexsmobs:tasmanian_devil":1,"naturalist:bass":1,"minecraft:drowned":2,"mowziesmobs:umvuthana":3,"minecraft:squid":2,"alexsmobs:gazelle":1,"minecraft:wither_skeleton":2},"minecraft:mined":{"minecraft:dark_oak_planks":75,"iceandfire:copper_pile":2,"minecraft:obsidian":2,"chipped:glassblower":1,"minecraft:coal_block":18,"minecraft:spawner":4,"biomeswevegone:shelf_fungi":1,"minecraft:tall_seagrass":1,"minecraft:dark_oak_trapdoor":2,"minecraft:fire":5,"minecraft:barrel":27,"biomesoplenty:lavender":4,"minecraft:deepslate_lapis_ore":1,"the_bumblezone:honeycomb_brood_block":1,"minecraft:enchanting_table":1,"iceandfire:gold_pile":3,"minecraft:green_carpet":1,"quark:dark_oak_vertical_slab":6,"minecraft:white_banner":2,"minecraft:player_head":62,"minecraft:player_wall_head":24,"minecraft:crimson_nylium":1,"minecraft:torch":3,"minecraft:blast_furnace":1,"farmersdelight:cabbages":128,"minecraft:cyan_bed":4,"minecraft:sugar_cane":3,"biomeswevegone:white_puffball":1,"sophisticatedbackpacks:diamond_backpack":1,"minecraft:wheat":105,"minecraft:black_bed":1,"minecraft:stone_brick_stairs":3,"minecraft:grass":69,"quark:birch_chest":8,"minecraft:dark_oak_sapling":10,"upgrade_aquatic:beachgrass":94,"upgrade_aquatic:white_searocket":1,"minecraft:deepslate":5,"create:zinc_ore":1,"twilightforest:firefly":1,"minecraft:light_gray_stained_glass_pane":2,"biomeswevegone:firecracker_leaves":1,"iceandfire:pixie_house_birch":1,"biomesoplenty:desert_grass":4,"minecraft:dark_oak_log":49,"minecraft:dark_oak_fence":4,"minecraft:spruce_fence":1,"minecraft:redstone_wire":3,"iceandfire:deepslate_silver_ore":1,"farmersdelight:wild_cabbages":11,"biomesoplenty:dune_grass":13,"minecraft:acacia_wood":8,"minecraft:potatoes":189,"minecraft:vine":3,"irons_spellbooks:inscription_table":2,"iceandfire:podium_spruce":4,"minecraft:smithing_table":1,"minecraft:birch_stairs":3,"quark:oak_chest":2,"quark:dark_oak_chest":4,"minecraft:tall_grass":4,"biomeswevegone:firecracker_flower_bush":1,"minecraft:black_stained_glass":1,"minecraft:red_terracotta":1,"minecraft:spruce_log":6,"minecraft:red_wall_banner":1,"iceandfire:silver_pile":3,"minecraft:mycelium":1,"minecraft:gravel":3,"minecraft:cobweb":1,"minecraft:acacia_planks":1,"create:deepslate_zinc_ore":1,"minecraft:spruce_planks":27,"minecraft:farmland":8,"minecraft:potted_blue_orchid":1,"minecraft:grass_block":220,"iceandfire:lectern":2,"farmersdelight:budding_tomatoes":1,"minecraft:iron_ore":28,"minecraft:dark_oak_stairs":4,"biomeswevegone:prairie_grass":2,"minecraft:deepslate_redstone_ore":4,"farmersdelight:organic_compost":6,"upgrade_aquatic:tall_beachgrass":40,"the_bumblezone:pile_of_pollen":5,"minecraft:clay":84,"minecraft:calcite":5,"minecraft:poppy":2,"biomeswevegone:tall_prairie_grass":2,"iceandfire:ghost_chest":2,"minecraft:chest":5,"minecraft:cobblestone":5,"minecraft:oak_planks":1,"minecraft:wall_torch":1,"farmersdelight:sandy_shrub":15,"minecraft:dark_oak_slab":11,"minecraft:yellow_wool":1,"farmersdelight:cutting_board":2,"minecraft:tnt":2,"minecraft:beetroots":172,"minecraft:sand":30,"minecraft:dirt":53,"minecraft:tripwire_hook":1,"minecraft:netherrack":8,"create:crimsite":1,"minecraft:oak_leaves":2,"farmersdelight:onions":2,"minecraft:yellow_wall_banner":6,"minecraft:dark_oak_leaves":1,"minecraft:glow_lichen":1,"gravestone:gravestone":50,"biomesoplenty:bush":92,"quark:acacia_chest":10,"minecraft:hay_block":20,"minecraft:potted_dark_oak_sapling":1,"minecraft:oak_trapdoor":3,"minecraft:carrots":2,"treechop:chopped_log":49,"biomesoplenty:sea_oats":23,"farmersdelight:rope":4,"minecraft:deepslate_iron_ore":1,"minecraft:stone":60,"sophisticatedbackpacks:backpack":1,"minecraft:podzol":3,"minecraft:red_banner":1,"minecraft:oak_fence":4,"minecraft:honey_block":3,"biomeswevegone:palm_sapling":4,"farmersdelight:wild_beetroots":3,"minecraft:gray_wool":5,"minecraft:black_wall_banner":2,"minecraft:white_wall_banner":2,"minecraft:yellow_concrete":2,"farmersdelight:stove":2},"minecraft:broken":{"minecraft:wooden_shovel":1,"minecraft:iron_hoe":1,"minecraft:iron_axe":1,"minecraft:stone_axe":1,"minecraft:golden_chestplate":1},"minecraft:used":{"irons_spellbooks:inscription_table":2,"farmersdelight:cabbage_seeds":144,"minecraft:honey_block":1,"farmersdelight:rotten_tomato":3,"minecraft:dark_oak_slab":7,"biomeswevegone:palm_planks":16,"minecraft:bow":19,"minecraft:dark_oak_boat":1,"minecraft:furnace":11,"minecraft:oak_sapling":2,"minecraft:potato":225,"minecraft:wooden_pickaxe":14,"quark:dark_oak_vertical_slab":5,"minecraft:blast_furnace":1,"minecraft:diamond_sword":1,"minecraft:wooden_sword":1,"minecraft:smithing_table":1,"minecraft:dark_oak_fence":10,"minecraft:enchanting_table":1,"minecraft:netherrack":2,"minecraft:torch":10,"minecraft:anvil":1,"minecraft:iron_axe":488,"minecraft:barrel":16,"minecraft:diamond_chestplate":2,"minecraft:goat_horn":5,"farmersdelight:cooking_pot":1,"comforts:sleeping_bag_white":1,"farmersdelight:tomato_seeds":12,"minecraft:cobbled_deepslate":6,"minecraft:calcite":3,"minecraft:wheat_seeds":37,"minecraft:yellow_banner":2,"farmersdelight:iron_knife":42,"minecraft:water_bucket":52,"minecraft:crafting_table":5,"minecraft:white_bed":2,"minecraft:cake":1,"minecraft:spruce_log":1,"mowziesmobs:wrought_axe":402,"minecraft:diamond_pickaxe":67,"minecraft:iron_pickaxe":123,"minecraft:spruce_sapling":4,"quark:dark_oak_chest":10,"minecraft:cobblestone":5,"minecraft:potion":1,"minecraft:diamond_leggings":1,"minecraft:iron_shovel":331,"farmersdelight:stove":12,"minecraft:player_head":40,"comforts:sleeping_bag_purple":22,"minecraft:carrot":24,"minecraft:obsidian":2,"sophisticatedbackpacks:diamond_backpack":1,"minecraft:bricks":1,"minecraft:golden_sword":17,"farmersdelight:cutting_board":4,"minecraft:written_book":1,"minecraft:beetroot_seeds":147,"minecraft:skeleton_skull":1,"minecraft:dark_oak_sapling":109,"minecraft:diamond_boots":1,"minecraft:stone_pickaxe":66,"minecraft:dark_oak_sign":4,"minecraft:oak_planks":1,"minecraft:ender_pearl":2,"iceandfire:podium_spruce":4,"alexscaves:cave_book":1,"minecraft:black_banner":1,"minecraft:black_bed":1,"waystones:waystone":2,"sophisticatedbackpacks:backpack":2,"minecraft:dark_oak_log":2,"call_of_yucutan:chili_pepper_seeds":1,"minecraft:bone_meal":215,"farmersdelight:diamond_knife":16,"minecraft:redstone":3,"minecraft:spruce_planks":517,"minecraft:wooden_shovel":72,"biomeswevegone:palm_sapling":4,"biomeswevegone:firecracker_flower_bush":1,"minecraft:dirt":295,"minecraft:diamond_helmet":1,"minecraft:golden_chestplate":1,"minecraft:spruce_fence":1,"farmersdelight:rope":16,"minecraft:iron_hoe":328,"minecraft:dark_oak_planks":1102,"quark:spruce_chest":3,"chipped:glassblower":2,"minecraft:iron_boots":1,"minecraft:iron_leggings":1,"farmersdelight:skillet":9,"farmersdelight:onion":22,"the_bumblezone:pollen_puff":65,"minecraft:dark_oak_door":2,"minecraft:wooden_hoe":16,"minecraft:flower_pot":1,"twilightforest:firefly":1,"comforts:sleeping_bag_gray":2,"mowziesmobs:sol_visage":1,"minecraft:stone_axe":198,"minecraft:white_banner":4,"minecraft:red_banner":2,"minecraft:bucket":54,"alexsmobs:animal_dictionary":1,"minecraft:birch_stairs":3},"minecraft:custom":{"minecraft:interact_with_crafting_table":97,"minecraft:open_barrel":161,"minecraft:eat_cake_slice":7,"minecraft:leave_game":7,"minecraft:time_since_death":360809,"minecraft:play_time":1140725,"minecraft:deaths":61,"minecraft:jump":7694,"minecraft:enchant_item":1,"minecraft:interact_with_furnace":133,"minecraft:sleep_in_bed":42,"minecraft:waystone_activated":9,"minecraft:damage_dealt":28766,"minecraft:inspect_dispenser":1,"minecraft:interact_with_smithing_table":3,"minecraft:interact_with_anvil":11,"minecraft:damage_dealt_absorbed":120,"minecraft:sneak_time":46681,"minecraft:interact_with_blast_furnace":3,"minecraft:total_world_time":1140725,"minecraft:time_since_rest":354234,"minecraft:swim_one_cm":223641,"minecraft:fly_one_cm":2017798,"minecraft:open_chest":258,"minecraft:fall_one_cm":237971,"minecraft:sprint_one_cm":2096340,"minecraft:drop":316,"minecraft:talked_to_villager":5,"minecraft:walk_on_water_one_cm":95598,"minecraft:interact_with_loom":11,"minecraft:player_kills":9,"minecraft:crouch_one_cm":119885,"minecraft:mob_kills":142,"minecraft:damage_dealt_resisted":249,"minecraft:climb_one_cm":75415,"minecraft:walk_one_cm":1901541,"minecraft:walk_under_water_one_cm":166366,"minecraft:boat_one_cm":33906,"minecraft:damage_taken":30099,"minecraft:trigger_trapped_chest":5},"minecraft:crafted":{"minecraft:blaze_powder":2,"nethersdelight:diamond_machete":1,"minecraft:diamond_shovel":1,"farmersdelight:rope":12,"naturalist:cooked_bass":1,"minecraft:cooked_mutton":2,"minecraft:glass":19,"minecraft:diamond_leggings":1,"minecraft:wooden_shovel":2,"farmersdelight:iron_knife":2,"minecraft:smithing_table":1,"minecraft:campfire":10,"comforts:sleeping_bag_gray":1,"minecraft:wooden_hoe":2,"minecraft:iron_pickaxe":3,"minecraft:iron_block":3,"minecraft:bone_meal":246,"minecraft:dark_oak_fence":6,"minecraft:stone_pickaxe":1,"farmersdelight:rice":38,"minecraft:diamond_boots":1,"quark:spruce_chest":3,"minecraft:dark_oak_planks":1496,"minecraft:wheat":180,"farmersdelight:hamburger":22,"farmersdelight:cooking_pot":1,"minecraft:golden_apple":8,"minecraft:iron_shovel":2,"minecraft:iron_leggings":2,"minecraft:white_bed":2,"farmersdelight:diamond_knife":1,"minecraft:brick":267,"naturalist:cooked_duck":1,"minecraft:dark_oak_boat":1,"minecraft:dark_oak_door":3,"biomeswevegone:palm_planks":40,"minecraft:iron_boots":1,"minecraft:bricks":48,"farmersdelight:stove":10,"farmersdelight:tomato_seeds":4,"sophisticatedbackpacks:backpack":1,"minecraft:crafting_table":6,"minecraft:spruce_planks":584,"minecraft:wooden_pickaxe":1,"minecraft:baked_potato":40,"minecraft:iron_helmet":3,"farmersdelight:skillet":9,"farmersdelight:cutting_board":2,"minecraft:iron_chestplate":3,"minecraft:charcoal":103,"minecraft:purple_dye":1,"minecraft:shield":3,"sophisticatedbackpacks:diamond_backpack":1,"minecraft:stick":220,"minecraft:light_blue_dye":1,"minecraft:iron_ingot":52,"farmersdelight:roasted_mutton_chops":10,"minecraft:wooden_sword":1,"minecraft:furnace":11,"minecraft:dark_oak_sign":9,"mowziesmobs:wrought_axe":1,"quark:dark_oak_chest":7,"minecraft:leather":1,"minecraft:iron_axe":3,"minecraft:iron_hoe":3,"alexsmobs:kangaroo_burger":2,"sophisticatedbackpacks:iron_backpack":2,"alexsmobs:cooked_lobster_tail":1,"minecraft:bowl":72,"minecraft:bucket":1,"minecraft:stone_axe":2,"minecraft:air":0,"minecraft:bread":64,"comforts:sleeping_bag_purple":1,"minecraft:anvil":1,"minecraft:acacia_planks":28,"minecraft:torch":32,"chipped:glassblower":1},"minecraft:killed_by":{"minecraft:pillager":7,"twilightforest:kobold":1,"the_bumblezone:variant_bee":1,"minecraft:zombie":2,"alexsmobs:grizzly_bear":5,"minecraft:husk":2,"naturalist:lion":1,"iceandfire:ghost":2,"iceandfire:cyclops":1,"minecraft:creeper":3,"minecraft:player":13,"minecraft:bee":1,"mowziesmobs:ferrous_wroughtnaut":2,"irons_spellbooks:necromancer":4,"minecraft:skeleton":10},"minecraft:picked_up":{"minecraft:iron_chestplate":3,"minecraft:chainmail_boots":1,"minecraft:flower_pot":2,"minecraft:prismarine_shard":2,"farmersdelight:rice_panicle":38,"minecraft:lead":6,"minecraft:smithing_table":1,"minecraft:diamond_sword":1,"minecraft:wither_rose":2,"irons_spellbooks:holy_rune":2,"minecraft:enchanted_book":7,"iceandfire:manuscript":35,"farmersdelight:cutting_board":2,"minecraft:dark_oak_trapdoor":4,"minecraft:string":7,"minecraft:beetroot":76,"minecraft:diamond_leggings":1,"minecraft:gold_nugget":73,"minecraft:cobbled_deepslate":6,"minecraft:spruce_planks":27,"comforts:sleeping_bag_purple":23,"minecraft:written_book":3,"minecraft:coal_block":17,"irons_spellbooks:shriving_stone":1,"minecraft:acacia_log":1,"minecraft:warped_button":1,"minecraft:yellow_banner":6,"minecraft:stone_sword":1,"quark:clear_shard":4,"farmersdelight:onion":197,"farmersdelight:rope":15,"minecraft:blaze_rod":6,"alexsmobs:lobster_tail":2,"biomesoplenty:lavender":11,"minecraft:feather":17,"farmersdelight:rice":13,"minecraft:water_bucket":3,"minecraft:dark_oak_boat":1,"farmersdelight:bacon":6,"alexsmobs:cooked_kangaroo_meat":4,"minecraft:map":1,"farmersdelight:tomato":90,"minecraft:lantern":2,"chipped:seeded_nether_sprouts":1,"biomeswevegone:palm_sapling":11,"minecraft:diamond_helmet":1,"minecraft:honeycomb":2,"irons_spellbooks:legendary_ink":4,"sophisticatedbackpacks:iron_backpack":1,"minecraft:fermented_spider_eye":1,"alexsmobs:animal_dictionary":2,"minecraft:dark_oak_log":925,"minecraft:barrel":27,"alexsmobs:kangaroo_hide":4,"iceandfire:lectern":2,"aquamirae:cooked_spinefish":1,"minecraft:bread":110,"call_of_yucutan:chili_pepper":2,"minecraft:dark_oak_fence":4,"iceandfire:dragon_skull_lightning":4,"minecraft:diamond_pickaxe":1,"sophisticatedbackpacks:gold_backpack":1,"minecraft:crafting_table":3,"iceandfire:witherbone":2,"minecraft:nether_wart":1,"minecraft:clay_ball":337,"gravestone:obituary":19,"quark:dark_oak_chest":4,"the_bumblezone:empty_honeycomb_brood_block":1,"minecraft:iron_shovel":2,"iceandfire:graveyard_soil":2,"iceandfire:bestiary":1,"farmersdelight:beef_patty":22,"minecraft:beef":14,"minecraft:iron_nugget":62,"minecraft:poppy":2,"minecraft:chest":5,"farmersdelight:minced_beef":22,"sophisticatedbackpacks:backpack":2,"minecraft:spruce_fence":1,"farmersdelight:tomato_seeds":28,"minecraft:cake":4,"minecraft:carrot":292,"minecraft:redstone":40,"twilightforest:firefly":1,"minecraft:tnt":5,"irons_spellbooks:evocation_rune":1,"minecraft:diamond_chestplate":1,"minecraft:beetroot_seeds":273,"quark:acacia_chest":10,"call_of_yucutan:chili_pepper_seeds":1,"minecraft:diamond_boots":1,"minecraft:hay_block":20,"mowziesmobs:umvuthana_mask_bliss":4,"minecraft:gold_ingot":21,"minecraft:mutton":9,"alexsmobs:kangaroo_meat":6,"minecraft:white_wool":9,"minecraft:clock":1,"minecraft:tripwire_hook":15,"minecraft:red_mushroom":2,"minecraft:acacia_wood":7,"minecraft:filled_map":1,"mowziesmobs:wrought_axe":3,"farmersdelight:flint_knife":1,"minecraft:paper":48,"minecraft:white_banner":5,"farmersdelight:organic_compost":6,"biomeswevegone:shrub":1,"minecraft:apple":42,"mowziesmobs:umvuthana_mask_rage":2,"minecraft:cobweb":3,"minecraft:tall_grass":6,"minecraft:iron_sword":1,"minecraft:dark_oak_stairs":2,"iceandfire:copper_nugget":14,"minecraft:dark_oak_slab":13,"minecraft:yellow_concrete":2,"minecraft:torchflower_seeds":1,"minecraft:birch_stairs":3,"minecraft:spruce_sapling":51,"minecraft:spruce_log":200,"farmersdelight:cabbage_leaf":86,"minecraft:slime_ball":1,"minecraft:diamond_axe":1,"minecraft:painting":3,"minecraft:gray_wool":5,"alexscaves:cave_map":1,"minecraft:baked_potato":53,"minecraft:melon_seeds":1,"minecraft:stripped_dark_oak_log":1,"minecraft:ender_pearl":2,"irons_spellbooks:scroll":5,"minecraft:wheat":172,"alexscaves:cave_tablet":11,"minecraft:potion":10,"minecraft:stone_brick_stairs":3,"alexsmobs:gazelle_horn":5,"biomeswevegone:firecracker_flower_bush":1,"minecraft:iron_leggings":5,"minecraft:armor_stand":1,"irons_spellbooks:arcane_essence":56,"alexsmobs:blood_sac":1,"comforts:sleeping_bag_white":2,"minecraft:bucket":1,"farmersdelight:cabbage":65,"minecraft:dark_oak_leaves":3,"minecraft:eye_armor_trim_smithing_template":1,"minecraft:calcite":7,"minecraft:iron_pickaxe":2,"chipped:glassblower":1,"irons_spellbooks:inscription_table":2,"farmersdelight:cabbage_seeds":249,"minecraft:iron_boots":3,"minecraft:stick":95,"iceandfire:ghost_chest":2,"farmersdelight:rotten_tomato":4,"mowziesmobs:sol_visage":1,"minecraft:oak_fence":3,"minecraft:torch":33,"minecraft:porkchop":9,"iceandfire:rotten_egg":2,"minecraft:goat_horn":2,"quark:ancient_tome":4,"minecraft:cactus":18,"minecraft:rotten_flesh":63,"minecraft:obsidian":2,"irons_spellbooks:copper_spell_book":2,"minecraft:cobblestone":66,"minecraft:enchanting_table":1,"minecraft:leather_chestplate":1,"minecraft:lilac":1,"biomeswevegone:palm_log":74,"minecraft:black_bed":1,"quark:dark_oak_vertical_slab":5,"minecraft:potato":635,"map_atlases:atlas":5,"alexscaves:cave_book":2,"create:raw_zinc":15,"minecraft:dirt":311,"minecraft:lapis_lazuli":103,"minecraft:bone":57,"farmersdelight:iron_knife":2,"minecraft:bow":2,"minecraft:wheat_seeds":364,"minecraft:oak_planks":1,"iceandfire:podium_spruce":4,"upgrade_aquatic:cooked_perch":1,"minecraft:poisonous_potato":2,"minecraft:sand":32,"minecraft:dead_bush":2,"minecraft:cyan_bed":4,"farmersdelight:ham":1,"farmersdelight:cooked_mutton_chops":26,"minecraft:diamond":2,"irons_spellbooks:divine_pearl":2,"minecraft:soul_lantern":2,"waystones:waystone":2,"minecraft:crossbow":2,"minecraft:grass":2,"minecraft:bone_meal":1,"minecraft:emerald":8,"iceandfire:silver_nugget":10,"irons_spellbooks:uncommon_ink":1,"minecraft:oak_sapling":9,"minecraft:netherrack":9,"minecraft:charcoal":1,"minecraft:chicken":4,"minecraft:oak_trapdoor":3,"minecraft:iron_axe":5,"minecraft:item_frame":2,"chipped:natural_dark_oak_planks":8,"minecraft:blue_orchid":4,"farmersdelight:straw":6,"irons_spellbooks:epic_ink":1,"minecraft:player_head":80,"minecraft:sugar_cane":10,"minecraft:dark_oak_sapling":141,"minecraft:raw_iron":69,"iceandfire:dragonbone":40,"iceandfire:troll_tusk":1,"minecraft:copper_ingot":4,"quark:birch_chest":8,"minecraft:dark_oak_planks":92,"iceandfire:silver_ingot":2,"minecraft:arrow":44,"minecraft:pumpkin_pie":11,"minecraft:black_banner":2,"minecraft:glistering_melon_slice":23,"biomeswevegone:white_puffball_spores":1,"minecraft:skeleton_skull":1,"minecraft:leather":8,"minecraft:mushroom_stew":13,"iceandfire:ectoplasm":1,"minecraft:gunpowder":2,"quark:forgotten_hat":2,"minecraft:cooked_mutton":13,"naturalist:bass":1,"irons_spellbooks:common_ink":8,"minecraft:iron_ingot":89,"comforts:sleeping_bag_gray":2,"mowziesmobs:umvuthana_mask_misery":3,"minecraft:acacia_sapling":9,"sophisticatedbackpacks:diamond_backpack":1,"minecraft:green_dye":2,"minecraft:book":10,"minecraft:dandelion":3,"mowziesmobs:wrought_helmet":1,"minecraft:red_banner":2,"minecraft:blast_furnace":2,"quark:oak_chest":2,"minecraft:spider_eye":2,"minecraft:pumpkin_seeds":1,"minecraft:honey_block":2,"the_bumblezone:pollen_puff":65,"minecraft:iron_helmet":2,"farmersdelight:stove":2,"minecraft:coal":20},"minecraft:dropped":{"farmersdelight:hamburger":6,"farmersdelight:iron_knife":1,"minecraft:porkchop":7,"minecraft:lapis_lazuli":38,"minecraft:glass_bottle":1,"minecraft:crafting_table":2,"minecraft:dark_oak_slab":4,"iceandfire:ectoplasm":1,"map_atlases:atlas":4,"minecraft:red_mushroom":2,"minecraft:item_frame":2,"minecraft:dirt":9,"minecraft:grass":2,"minecraft:dark_oak_trapdoor":2,"minecraft:gold_nugget":18,"farmersdelight:cooked_mutton_chops":6,"minecraft:bone_meal":1,"minecraft:sand":2,"minecraft:iron_pickaxe":3,"minecraft:dark_oak_planks":59,"minecraft:white_wool":3,"minecraft:bone":3,"minecraft:dark_oak_door":1,"alexsmobs:gazelle_horn":2,"minecraft:iron_nugget":9,"alexscaves:cave_tablet":7,"minecraft:wheat":13,"farmersdelight:cabbage":2,"minecraft:rotten_flesh":52,"minecraft:blaze_powder":1,"minecraft:eye_armor_trim_smithing_template":1,"farmersdelight:rice_panicle":2,"minecraft:honey_block":1,"minecraft:acacia_sapling":9,"farmersdelight:rope":11,"minecraft:painting":3,"minecraft:glass":18,"minecraft:beef":3,"minecraft:stone_brick_stairs":3,"biomeswevegone:palm_sapling":7,"farmersdelight:tomato_seeds":4,"minecraft:iron_ingot":37,"minecraft:wheat_seeds":259,"minecraft:tnt":2,"biomesoplenty:lavender":10,"minecraft:feather":17,"minecraft:oak_fence":3,"minecraft:iron_helmet":1,"minecraft:cobblestone":7,"minecraft:apple":4,"minecraft:coal":3,"minecraft:dark_oak_leaves":3,"iceandfire:copper_nugget":14,"minecraft:wooden_hoe":2,"minecraft:diamond_helmet":1,"minecraft:potion":3,"mowziesmobs:wrought_helmet":2,"minecraft:iron_shovel":2,"minecraft:paper":15,"minecraft:string":7,"create:raw_zinc":9,"iceandfire:silver_nugget":10,"minecraft:chicken":1,"minecraft:iron_boots":1,"iceandfire:troll_tusk":1,"minecraft:pumpkin_seeds":2,"minecraft:diamond_sword":2,"minecraft:flower_pot":1,"minecraft:diamond_pickaxe":1,"farmersdelight:tomato":2,"minecraft:cyan_bed":4,"biomeswevegone:white_puffball_spores":1,"biomeswevegone:shrub":1,"minecraft:diamond_axe":2,"minecraft:baked_potato":22,"minecraft:dark_oak_sapling":14,"minecraft:honeycomb":1,"minecraft:dark_oak_log":60,"alexsmobs:kangaroo_burger":1,"call_of_yucutan:chili_pepper":1,"gravestone:obituary":60,"minecraft:soul_lantern":2,"minecraft:beetroot":9,"minecraft:poppy":2,"minecraft:gunpowder":2,"minecraft:skeleton_skull":1,"minecraft:beetroot_seeds":8,"quark:forgotten_hat":1,"minecraft:chest":2,"minecraft:arrow":3,"chipped:natural_dark_oak_planks":8,"minecraft:water_bucket":2,"minecraft:bread":18,"minecraft:diamond_leggings":1,"minecraft:poisonous_potato":2,"minecraft:prismarine_shard":2,"minecraft:copper_ingot":4,"minecraft:acacia_log":1,"mowziesmobs:wrought_axe":1,"minecraft:stick":11,"irons_spellbooks:scroll":1,"quark:clear_shard":4,"minecraft:torch":1,"minecraft:iron_leggings":2,"minecraft:iron_axe":3,"minecraft:tripwire_hook":9,"minecraft:dandelion":1,"minecraft:redstone":3,"minecraft:nether_wart":1,"minecraft:raw_iron":2,"farmersdelight:cabbage_seeds":20,"minecraft:tall_grass":6,"farmersdelight:roasted_mutton_chops":3,"minecraft:filled_map":2,"minecraft:shield":1,"minecraft:diamond_chestplate":2,"chipped:seeded_nether_sprouts":1,"minecraft:iron_chestplate":2,"minecraft:cake":2,"minecraft:oak_sapling":6,"minecraft:diamond_boots":1,"minecraft:calcite":4}},"DataVersion":3465}