{"stats":{"minecraft:killed":{"alexsmobs:lobster":11,"minecraft:cave_spider":3,"minecraft:skeleton":93,"minecraft:chicken":1,"creeperoverhaul:cave_creeper":1,"minecraft:magma_cube":8,"minecraft:salmon":2,"iceandfire:cockatrice":1,"minecraft:pillager":15,"minecraft:zombie":79,"minecraft:cow":25,"minecraft:evoker":1,"naturalist:duck":1,"minecraft:horse":3,"minecraft:husk":18,"minecraft:rabbit":1,"twilightforest:kobold":2,"iceandfire:ghost":6,"minecraft:enderman":2,"minecraft:zombified_piglin":2,"mowziesmobs:umvuthi":1,"minecraft:spider":28,"quark:forgotten":2,"minecraft:zombie_villager":1,"irons_spellbooks:necromancer":1,"minecraft:creeper":16,"alexsmobs:crimson_mosquito":4,"minecraft:sheep":9,"alexsmobs:fly":1,"mowziesmobs:umvuthana_raptor":3,"minecraft:blaze":24,"minecraft:vex":4,"irons_spellbooks:summoned_zombie":2,"minecraft:drowned":7,"mowziesmobs:umvuthana":8,"mowziesmobs:umvuthana_follower_raptor":13,"minecraft:hoglin":1,"alexsmobs:gazelle":9,"minecraft:wither_skeleton":22},"minecraft:mined":{"minecraft:red_nether_brick_slab":1,"minecraft:dark_oak_planks":230,"chipped:oak_woven_glass":10,"minecraft:red_nether_bricks":2,"minecraft:obsidian":15,"minecraft:acacia_log":1,"minecraft:coal_block":1,"minecraft:spawner":22,"minecraft:tall_seagrass":2,"minecraft:magma_block":9,"minecraft:cobbled_deepslate":2,"minecraft:fire":14,"minecraft:barrel":1,"minecraft:pumpkin":1,"minecraft:deepslate_lapis_ore":38,"minecraft:nether_brick_stairs":1,"minecraft:enchanting_table":2,"minecraft:spruce_pressure_plate":1,"minecraft:light_gray_concrete":4,"quark:dark_oak_vertical_slab":10,"minecraft:player_head":6,"create:limestone":1,"minecraft:red_bed":2,"minecraft:player_wall_head":18,"minecraft:amethyst_cluster":1,"minecraft:powder_snow":4,"minecraft:torch":7,"minecraft:blast_furnace":3,"minecraft:nether_brick_slab":14,"farmersdelight:cabbages":14,"minecraft:glass":10,"minecraft:sugar_cane":17,"minecraft:damaged_anvil":1,"minecraft:cyan_wool":1,"chipped:windowed_dark_oak_trapdoor":2,"minecraft:wheat":2,"minecraft:jukebox":1,"minecraft:wither_rose":1,"minecraft:stone_brick_stairs":3,"minecraft:grass":43,"minecraft:dark_oak_sapling":13,"minecraft:smooth_quartz":39,"minecraft:smooth_basalt":1,"minecraft:stonecutter":1,"minecraft:yellow_stained_glass":2,"minecraft:deepslate":196,"create:zinc_ore":30,"chipped:natural_dark_oak_planks":20,"twilightforest:firefly":1,"biomeswevegone:shrub":1,"iceandfire:silver_ore":20,"biomesoplenty:desert_grass":5,"minecraft:dark_oak_log":261,"minecraft:nether_bricks":14,"minecraft:dark_oak_fence":36,"minecraft:redstone_wire":3,"iceandfire:deepslate_silver_ore":1,"farmersdelight:wild_cabbages":1,"the_bumblezone:filled_porous_honeycomb_block":2,"minecraft:moss_block":5,"minecraft:redstone_ore":5,"minecraft:potatoes":45,"minecraft:cyan_concrete":1,"minecraft:cobblestone_slab":1,"minecraft:vine":1,"the_bumblezone:honey_crystal":1,"minecraft:birch_stairs":1,"minecraft:chiseled_nether_bricks":1,"minecraft:soul_sand":38,"minecraft:emerald_ore":1,"minecraft:tall_grass":6,"minecraft:deepslate_gold_ore":10,"biomeswevegone:firecracker_flower_bush":1,"minecraft:black_stained_glass":2,"farmersdelight:skillet":1,"minecraft:dark_oak_sign":2,"minecraft:gravel":6,"minecraft:cobweb":6,"create:deepslate_zinc_ore":47,"minecraft:spruce_planks":27,"minecraft:farmland":20,"minecraft:cobblestone_stairs":2,"the_bumblezone:beehive_beeswax":19,"minecraft:grass_block":71,"farmersdelight:budding_tomatoes":2,"call_of_yucutan:chili_pepper_seeds":1,"minecraft:red_nether_brick_stairs":1,"minecraft:iron_ore":128,"minecraft:anvil":1,"minecraft:dark_oak_stairs":8,"minecraft:spruce_slab":4,"minecraft:deepslate_redstone_ore":165,"minecraft:blackstone":5,"minecraft:chiseled_quartz_block":5,"minecraft:clay":2,"twilightforest:torchberry_plant":1,"minecraft:calcite":1,"minecraft:poppy":11,"biomeswevegone:tall_prairie_grass":4,"minecraft:nether_quartz_ore":194,"minecraft:cobblestone":40,"minecraft:honeycomb_block":49,"minecraft:grindstone":1,"minecraft:iron_door":1,"minecraft:wall_torch":4,"minecraft:seagrass":1,"farmersdelight:sandy_shrub":3,"minecraft:dark_oak_slab":124,"minecraft:dark_oak_door":4,"minecraft:stripped_oak_wood":1,"minecraft:smooth_stone_slab":2,"minecraft:oak_log":26,"minecraft:beetroots":52,"biomeswevegone:palm_planks":1,"minecraft:sand":68,"minecraft:dirt":270,"minecraft:netherrack":235,"minecraft:oak_leaves":10,"iceandfire:lightning_lily":1,"minecraft:nether_gold_ore":24,"alexscaves:spelunkery_table":1,"minecraft:tuff":12,"farmersdelight:onions":1,"minecraft:yellow_wall_banner":1,"minecraft:dark_oak_leaves":273,"minecraft:deepslate_diamond_ore":59,"gravestone:gravestone":28,"biomesoplenty:bush":8,"minecraft:sandstone":9,"minecraft:furnace":6,"minecraft:carrots":1,"treechop:chopped_log":30,"minecraft:peony":1,"biomesoplenty:sea_oats":2,"minecraft:bookshelf":33,"farmersdelight:rope":2,"minecraft:deepslate_iron_ore":41,"minecraft:lantern":5,"minecraft:stone":334,"minecraft:podzol":319,"minecraft:snow_block":7,"minecraft:stripped_dark_oak_log":38,"minecraft:crafting_table":12,"minecraft:lectern":1,"biomesoplenty:sprout":3,"minecraft:lapis_ore":5,"upgrade_aquatic:river_leaves":1,"minecraft:spruce_stairs":2,"farmersdelight:wild_beetroots":9,"minecraft:white_wall_banner":1,"minecraft:coal_ore":154,"quark:spruce_chest":3,"minecraft:flower_pot":1,"minecraft:cyan_carpet":1,"minecraft:yellow_concrete":1,"upgrade_aquatic:driftwood_log":17},"minecraft:broken":{"minecraft:shears":1,"minecraft:iron_boots":2,"minecraft:iron_leggings":1,"minecraft:stone_axe":1,"minecraft:diamond_chestplate":1},"minecraft:used":{"farmersdelight:cabbage_seeds":60,"minecraft:poppy":12,"minecraft:red_nether_brick_stairs":1,"iceandfire:spawn_egg_siren":1,"minecraft:soul_sand":37,"minecraft:dark_oak_leaves":79,"minecraft:dark_oak_slab":703,"minecraft:stone_brick_stairs":1,"minecraft:dark_oak_boat":1,"minecraft:furnace":3,"chipped:boarded_dark_oak_door":2,"minecraft:potato":252,"minecraft:damaged_anvil":1,"create:crimsite":1,"minecraft:wooden_pickaxe":7,"quark:dark_oak_vertical_slab":25,"minecraft:composter":1,"naturalist:duck_egg":2,"minecraft:sand":1,"minecraft:blast_furnace":2,"farmersdelight:rice":42,"chipped:windowed_dark_oak_trapdoor":4,"minecraft:nether_wart_block":22,"minecraft:diamond_sword":776,"minecraft:dark_oak_fence":67,"minecraft:poisonous_potato":1,"chipped:ornate_leaded_glass":10,"chipped:carpenters_table":1,"minecraft:enchanting_table":3,"quark:dark_oak_bookshelf":20,"minecraft:torch":74,"minecraft:anvil":1,"twilightforest:transformation_leaves":1,"minecraft:iron_axe":314,"minecraft:smooth_quartz":5,"minecraft:diamond_chestplate":3,"minecraft:podzol":3,"comforts:sleeping_bag_white":19,"farmersdelight:tomato_seeds":20,"minecraft:cobbled_deepslate":46,"minecraft:calcite":1,"minecraft:wheat_seeds":11,"farmersdelight:iron_knife":13,"minecraft:water_bucket":33,"farmersdelight:dark_oak_cabinet":2,"minecraft:leather_boots":1,"iceandfire:dragon_skull_lightning":1,"minecraft:crafting_table":16,"minecraft:cake":1,"minecraft:diamond_pickaxe":1576,"minecraft:diamond_shovel":434,"minecraft:iron_pickaxe":409,"minecraft:spruce_trapdoor":1,"minecraft:spruce_sapling":3,"quark:dark_oak_chest":15,"minecraft:cobblestone":119,"chipped:natural_dark_oak_planks":78,"minecraft:diamond_leggings":1,"minecraft:iron_shovel":230,"minecraft:diamond_hoe":253,"farmersdelight:stove":2,"minecraft:shield":46,"minecraft:nether_wart":13,"minecraft:player_head":21,"minecraft:iron_chestplate":1,"minecraft:nether_bricks":3,"minecraft:carrot":193,"minecraft:obsidian":15,"minecraft:honey_bottle":2,"minecraft:glass":10,"minecraft:lantern":4,"iceandfire:earplugs":1,"minecraft:magma_block":7,"minecraft:written_book":2,"minecraft:beetroot_seeds":81,"minecraft:dark_oak_sapling":163,"minecraft:dark_oak_stairs":34,"minecraft:diamond_boots":1,"minecraft:stone_pickaxe":53,"minecraft:oak_planks":1,"minecraft:ender_pearl":3,"minecraft:diamond_axe":1102,"minecraft:golden_hoe":1,"minecraft:shears":238,"waystones:waystone":3,"sophisticatedbackpacks:backpack":1,"minecraft:dark_oak_log":143,"naturalist:sparrow_spawn_egg":1,"minecraft:gravel":5,"minecraft:stripped_oak_wood":1,"minecraft:grindstone":1,"call_of_yucutan:chili_pepper_seeds":1,"minecraft:bone_meal":1,"minecraft:cobweb":4,"minecraft:experience_bottle":99,"chipped:glass_dark_oak_door":2,"minecraft:flint_and_steel":1,"minecraft:redstone":6,"comforts:sleeping_bag_red":2,"minecraft:spruce_planks":7,"minecraft:dirt":631,"the_bumblezone:porous_honeycomb_block":2,"minecraft:bee_nest":1,"mowziesmobs:wrought_helmet":3,"farmersdelight:rope":2,"minecraft:iron_hoe":143,"minecraft:dark_oak_planks":652,"quark:spruce_chest":6,"iceandfire:spawn_egg_sea_serpent":1,"minecraft:iron_boots":1,"minecraft:crimson_planks":20,"alexscaves:spelunkery_table":1,"chipped:oak_woven_glass":10,"minecraft:iron_leggings":2,"farmersdelight:skillet":1,"minecraft:stonecutter":1,"chipped:golden_barred_dark_oak_trapdoor":2,"farmersdelight:onion":179,"minecraft:dark_oak_door":4,"twilightforest:firefly":1,"minecraft:map":1,"minecraft:golden_leggings":1,"minecraft:stone_axe":123,"minecraft:bucket":33,"alexsmobs:animal_dictionary":2,"minecraft:birch_stairs":1},"minecraft:custom":{"minecraft:interact_with_crafting_table":150,"minecraft:open_barrel":227,"goblintraders:trade_with_goblin":50,"minecraft:eat_cake_slice":2,"minecraft:leave_game":11,"minecraft:time_since_death":26561,"minecraft:damage_blocked_by_shield":1574,"minecraft:play_time":1173492,"minecraft:deaths":36,"minecraft:jump":17448,"minecraft:enchant_item":4,"minecraft:interact_with_furnace":85,"minecraft:interact_with_cartography_table":2,"minecraft:sleep_in_bed":32,"minecraft:waystone_activated":13,"minecraft:damage_dealt":91151,"minecraft:inspect_dispenser":2,"minecraft:interact_with_anvil":1,"minecraft:damage_dealt_absorbed":120,"minecraft:sneak_time":60703,"minecraft:interact_with_lectern":2,"minecraft:interact_with_blast_furnace":11,"minecraft:total_world_time":1173492,"minecraft:tune_noteblock":79,"minecraft:interact_with_stonecutter":3,"minecraft:time_since_rest":26591,"minecraft:swim_one_cm":334899,"minecraft:fly_one_cm":4173011,"minecraft:open_chest":383,"minecraft:fall_one_cm":432437,"minecraft:damage_resisted":256,"minecraft:sprint_one_cm":3486608,"minecraft:drop":290,"minecraft:talked_to_villager":1,"minecraft:walk_on_water_one_cm":185903,"minecraft:interact_with_loom":3,"minecraft:player_kills":13,"minecraft:crouch_one_cm":238429,"minecraft:mob_kills":442,"minecraft:damage_dealt_resisted":235,"minecraft:climb_one_cm":127886,"minecraft:walk_one_cm":3010916,"minecraft:walk_under_water_one_cm":230568,"minecraft:boat_one_cm":34052,"minecraft:damage_taken":25824,"minecraft:trigger_trapped_chest":3},"minecraft:crafted":{"quark:dark_oak_bookshelf":20,"sophisticatedbackpacks:anvil_upgrade":1,"minecraft:diamond_shovel":1,"quark:dark_oak_vertical_slab":21,"minecraft:glass":33,"minecraft:diamond_leggings":1,"minecraft:cooked_rabbit":1,"minecraft:glass_bottle":6,"minecraft:copper_ingot":44,"iceandfire:earplugs":6,"minecraft:campfire":2,"minecraft:iron_pickaxe":1,"minecraft:iron_block":6,"minecraft:gold_ingot":9,"minecraft:composter":1,"minecraft:diamond_hoe":1,"comforts:sleeping_bag_white":2,"map_atlases:atlas":1,"minecraft:dark_oak_fence":45,"minecraft:stone_pickaxe":1,"minecraft:diamond_boots":1,"quark:spruce_chest":5,"minecraft:dark_oak_planks":1764,"upgrade_aquatic:driftwood_planks":8,"minecraft:enchanting_table":1,"sophisticatedbackpacks:gold_backpack":1,"minecraft:wooden_axe":1,"minecraft:iron_shovel":1,"minecraft:iron_leggings":2,"minecraft:golden_hoe":1,"minecraft:brick":69,"naturalist:cooked_duck":2,"minecraft:oak_planks":16,"minecraft:dark_oak_boat":1,"minecraft:dark_oak_door":6,"minecraft:honey_bottle":4,"minecraft:iron_boots":2,"minecraft:bricks":8,"alexscaves:cave_book":1,"farmersdelight:stove":2,"farmersdelight:tomato_seeds":33,"sophisticatedbackpacks:backpack":1,"minecraft:crafting_table":11,"minecraft:spruce_planks":116,"minecraft:wooden_pickaxe":1,"minecraft:baked_potato":10,"chipped:carpenters_table":1,"sophisticatedbackpacks:upgrade_base":1,"minecraft:dark_oak_slab":828,"minecraft:iron_chestplate":1,"minecraft:charcoal":31,"minecraft:diamond_pickaxe":3,"minecraft:shield":1,"sophisticatedbackpacks:diamond_backpack":1,"minecraft:stick":44,"minecraft:iron_ingot":159,"minecraft:shears":1,"minecraft:coal":9,"minecraft:furnace":2,"minecraft:dark_oak_trapdoor":8,"alexscaves:cave_map":1,"minecraft:flint_and_steel":1,"quark:dark_oak_chest":17,"minecraft:iron_axe":1,"minecraft:iron_hoe":1,"sophisticatedbackpacks:iron_backpack":1,"minecraft:cooked_beef":9,"minecraft:crimson_planks":20,"minecraft:diamond_sword":1,"iceandfire:silver_ingot":8,"minecraft:dark_oak_stairs":32,"alexsmobs:cooked_lobster_tail":4,"minecraft:cooked_salmon":2,"minecraft:bucket":1,"minecraft:stone_axe":2,"farmersdelight:dark_oak_cabinet":2,"minecraft:air":0,"minecraft:anvil":2,"minecraft:acacia_planks":4,"minecraft:torch":72,"create:zinc_ingot":1,"minecraft:diamond_chestplate":2},"minecraft:killed_by":{"minecraft:pillager":5,"mowziesmobs:umvuthana_follower_raptor":1,"alexsmobs:grizzly_bear":2,"iceandfire:ghost":3,"minecraft:evoker":1,"iceandfire:cyclops":2,"minecraft:player":9,"mowziesmobs:ferrous_wroughtnaut":1,"minecraft:skeleton":6,"mowziesmobs:umvuthana_raptor":2},"minecraft:picked_up":{"minecraft:iron_chestplate":2,"minecraft:flower_pot":1,"minecraft:anvil":1,"farmersdelight:rice_panicle":5,"minecraft:diamond_sword":2,"minecraft:enchanted_book":1,"iceandfire:manuscript":12,"minecraft:string":45,"create:limestone":1,"minecraft:beetroot":91,"minecraft:diamond_leggings":1,"minecraft:cobbled_deepslate":213,"minecraft:gold_nugget":174,"minecraft:spruce_planks":33,"comforts:sleeping_bag_purple":2,"minecraft:written_book":2,"minecraft:coal_block":1,"minecraft:dark_oak_door":5,"minecraft:spruce_pressure_plate":1,"minecraft:jukebox":1,"minecraft:acacia_log":2,"minecraft:sandstone_wall":2,"minecraft:honeycomb_block":49,"minecraft:chiseled_nether_bricks":1,"minecraft:yellow_banner":1,"iceandfire:lightning_lily":1,"minecraft:stone_sword":1,"minecraft:honey_bottle":3,"quark:clear_shard":29,"farmersdelight:onion":750,"farmersdelight:rope":13,"minecraft:blaze_rod":33,"minecraft:snowball":28,"alexsmobs:lobster_tail":4,"minecraft:magma_block":7,"minecraft:feather":40,"farmersdelight:rice":2,"minecraft:iron_door":1,"minecraft:flint":1,"farmersdelight:tomato":43,"minecraft:lantern":5,"chipped:seeded_nether_sprouts":1,"minecraft:stonecutter":1,"minecraft:dark_oak_sign":2,"minecraft:rabbit":1,"minecraft:diamond_helmet":1,"minecraft:moss_block":11,"minecraft:honeycomb":3,"minecraft:barrel":1,"minecraft:dark_oak_log":1569,"naturalist:duck_egg":2,"create:crimsite":2,"minecraft:golden_horse_armor":1,"minecraft:bread":40,"call_of_yucutan:chili_pepper":3,"minecraft:dark_oak_fence":36,"iceandfire:raw_silver":24,"iceandfire:dragon_skull_lightning":4,"minecraft:diamond_pickaxe":1,"the_bumblezone:porous_honeycomb_block":2,"minecraft:crafting_table":12,"iceandfire:witherbone":11,"minecraft:nether_wart":11,"minecraft:clay_ball":40,"minecraft:infested_cobblestone":31,"gravestone:obituary":11,"minecraft:red_bed":2,"minecraft:iron_shovel":2,"quark:spruce_chest":3,"minecraft:beef":44,"minecraft:cyan_wool":1,"minecraft:poppy":13,"minecraft:iron_nugget":9,"minecraft:spruce_slab":4,"minecraft:chest":1,"minecraft:sandstone":13,"naturalist:duck":3,"minecraft:stone":3,"sophisticatedbackpacks:backpack":1,"farmersdelight:tomato_seeds":4,"minecraft:cake":1,"minecraft:carrot":508,"minecraft:redstone":742,"twilightforest:firefly":1,"alexsmobs:kangaroo_burger":1,"minecraft:diamond_chestplate":2,"minecraft:beetroot_seeds":298,"minecraft:peony":1,"call_of_yucutan:chili_pepper_seeds":1,"minecraft:diamond_boots":1,"farmersdelight:hamburger":6,"mowziesmobs:umvuthana_mask_bliss":1,"minecraft:gold_ingot":17,"minecraft:mutton":20,"minecraft:white_wool":12,"minecraft:oxeye_daisy":5,"minecraft:stripped_oak_log":1,"minecraft:tripwire_hook":7,"minecraft:filled_map":2,"minecraft:oak_log":59,"mowziesmobs:wrought_axe":1,"farmersdelight:skillet":1,"minecraft:paper":21,"minecraft:white_banner":2,"minecraft:apple":30,"mowziesmobs:umvuthana_mask_rage":1,"alexsmobs:cockroach_wing_fragment":1,"minecraft:cobweb":14,"minecraft:glass_bottle":4,"minecraft:dark_oak_stairs":9,"minecraft:smooth_basalt":1,"minecraft:dark_oak_slab":138,"minecraft:yellow_concrete":1,"minecraft:gravel":6,"minecraft:birch_stairs":1,"minecraft:spruce_sapling":5,"minecraft:spruce_log":23,"minecraft:diamond_axe":2,"minecraft:red_nether_brick_slab":1,"minecraft:baked_potato":374,"minecraft:stripped_dark_oak_log":38,"minecraft:ender_pearl":1,"irons_spellbooks:scroll":3,"minecraft:music_disc_strad":1,"minecraft:wheat":76,"the_bumblezone:honey_crystal_shards":1,"alexscaves:cave_tablet":12,"chipped:oak_woven_glass":10,"alexsmobs:gazelle_horn":7,"minecraft:raw_copper":22,"minecraft:iron_leggings":1,"alexsmobs:blood_sac":4,"comforts:sleeping_bag_white":20,"farmersdelight:cabbage":82,"minecraft:dark_oak_leaves":232,"minecraft:calcite":1,"minecraft:azalea":1,"minecraft:smooth_quartz":73,"quark:black_shard":6,"minecraft:iron_pickaxe":3,"minecraft:furnace":6,"farmersdelight:cabbage_seeds":201,"minecraft:stick":98,"farmersdelight:rotten_tomato":5,"mowziesmobs:sol_visage":1,"minecraft:torch":22,"minecraft:spruce_stairs":2,"quark:ancient_tome":1,"minecraft:rotten_flesh":160,"chipped:windowed_dark_oak_trapdoor":2,"minecraft:obsidian":15,"minecraft:blaze_powder":1,"minecraft:cobblestone":381,"minecraft:enchanting_table":2,"quark:dark_oak_vertical_slab":11,"minecraft:chiseled_quartz_block":5,"minecraft:potato":752,"map_atlases:atlas":5,"minecraft:tuff":7,"create:raw_zinc":107,"minecraft:lapis_lazuli":247,"minecraft:dirt":726,"minecraft:leather_boots":3,"minecraft:glass":7,"minecraft:bone":127,"minecraft:bow":3,"minecraft:wheat_seeds":147,"minecraft:raw_gold":22,"minecraft:grindstone":1,"biomeswevegone:palm_planks":1,"minecraft:cyan_concrete":1,"minecraft:oak_planks":1,"minecraft:music_disc_13":1,"minecraft:poisonous_potato":6,"iceandfire:pixie_house_birch":1,"minecraft:sand":68,"farmersdelight:cooked_mutton_chops":6,"minecraft:light_gray_concrete":3,"minecraft:diamond":63,"waystones:waystone":4,"minecraft:bone_meal":2,"minecraft:emerald":3,"minecraft:oak_sapling":48,"minecraft:netherrack":286,"twilightforest:torchberries":1,"minecraft:chicken":3,"minecraft:ladder":3,"minecraft:brown_mushroom":2,"minecraft:shield":3,"minecraft:moss_carpet":7,"minecraft:iron_axe":3,"minecraft:item_frame":1,"quark:yellow_shard":4,"minecraft:blackstone":3,"minecraft:cyan_carpet":1,"chipped:natural_dark_oak_planks":20,"farmersdelight:straw":1,"minecraft:player_head":28,"minecraft:lectern":1,"minecraft:sugar_cane":68,"minecraft:spruce_trapdoor":1,"minecraft:dark_oak_sapling":160,"minecraft:raw_iron":268,"iceandfire:dragonbone":25,"minecraft:copper_ingot":1,"minecraft:dark_oak_planks":229,"minecraft:weeping_vines":1,"minecraft:arrow":146,"minecraft:pumpkin_pie":2,"minecraft:nether_bricks":3,"upgrade_aquatic:driftwood_log":52,"comforts:sleeping_bag_red":2,"alexscaves:spelunkery_table":1,"minecraft:saddle":2,"minecraft:glistering_melon_slice":5,"biomeswevegone:white_puffball_spores":1,"mowziesmobs:umvuthana_mask_fury":1,"minecraft:crimson_stem":5,"minecraft:salmon":2,"minecraft:leather":24,"minecraft:mushroom_stew":2,"minecraft:nether_wart_block":22,"minecraft:gunpowder":24,"minecraft:cobblestone_stairs":2,"quark:forgotten_hat":2,"minecraft:cooked_mutton":9,"minecraft:red_nether_brick_stairs":1,"minecraft:iron_ingot":94,"minecraft:cooked_chicken":3,"minecraft:stripped_oak_wood":1,"mowziesmobs:umvuthana_mask_misery":2,"minecraft:soul_sand":37,"minecraft:book":104,"the_bumblezone:beehive_beeswax":11,"minecraft:pumpkin":2,"minecraft:quartz":407,"minecraft:dandelion":6,"minecraft:amethyst_shard":8,"mowziesmobs:wrought_helmet":2,"minecraft:blast_furnace":3,"minecraft:nether_brick_slab":3,"minecraft:spider_eye":7,"farmersdelight:roasted_mutton_chops":3,"minecraft:honey_block":1,"minecraft:iron_helmet":1,"the_bumblezone:pollen_puff":41,"minecraft:damaged_anvil":3,"minecraft:coal":220},"minecraft:dropped":{"sophisticatedbackpacks:iron_backpack":1,"farmersdelight:iron_knife":1,"iceandfire:raw_silver":2,"minecraft:lapis_lazuli":64,"minecraft:glass_bottle":1,"minecraft:diamond":3,"minecraft:crafting_table":2,"map_atlases:atlas":9,"minecraft:dirt":28,"minecraft:dark_oak_fence":2,"mowziesmobs:umvuthana_mask_bliss":2,"minecraft:iron_pickaxe":4,"minecraft:dark_oak_planks":21,"minecraft:white_wool":9,"minecraft:cyan_carpet":1,"quark:ancient_tome":2,"minecraft:bone":14,"alexsmobs:gazelle_horn":3,"alexsmobs:animal_dictionary":2,"minecraft:cobbled_deepslate":79,"alexscaves:cave_tablet":11,"minecraft:wheat":1,"minecraft:rotten_flesh":96,"alexscaves:cave_book":2,"minecraft:leather_boots":1,"create:limestone":1,"farmersdelight:rope":11,"iceandfire:spawn_egg_siren":1,"minecraft:beef":2,"call_of_yucutan:chili_pepper_seeds":1,"farmersdelight:tomato_seeds":5,"minecraft:enchanted_book":2,"minecraft:iron_ingot":69,"minecraft:wheat_seeds":28,"minecraft:feather":16,"minecraft:iron_helmet":1,"minecraft:cobblestone":45,"minecraft:apple":7,"minecraft:coal":1,"minecraft:cobweb":7,"mowziesmobs:sol_visage":1,"minecraft:diamond_helmet":1,"minecraft:iron_shovel":2,"minecraft:paper":16,"minecraft:string":9,"create:raw_zinc":14,"minecraft:spruce_sapling":1,"iceandfire:earplugs":6,"minecraft:moss_carpet":7,"irons_spellbooks:copper_spell_book":2,"minecraft:dark_oak_sign":2,"minecraft:chicken":2,"minecraft:iron_boots":2,"minecraft:damaged_anvil":1,"farmersdelight:straw":1,"minecraft:torchflower_seeds":1,"naturalist:sparrow_spawn_egg":1,"minecraft:pumpkin_seeds":1,"minecraft:blast_furnace":1,"minecraft:diamond_sword":1,"minecraft:potato":25,"iceandfire:spawn_egg_sea_serpent":1,"minecraft:peony":1,"minecraft:spruce_planks":5,"minecraft:diamond_pickaxe":1,"iceandfire:silver_ingot":2,"minecraft:spider_eye":3,"minecraft:barrel":1,"waystones:waystone":2,"farmersdelight:tomato":1,"iceandfire:dragon_skull_lightning":2,"minecraft:dark_oak_stairs":1,"minecraft:brown_mushroom":1,"minecraft:diamond_axe":1,"minecraft:oak_log":1,"minecraft:baked_potato":34,"minecraft:ender_pearl":2,"the_bumblezone:pollen_puff":33,"minecraft:leather":2,"create:crimsite":1,"farmersdelight:rice":3,"minecraft:cobblestone_stairs":2,"minecraft:mutton":7,"gravestone:obituary":37,"farmersdelight:onion":5,"alexscaves:cave_map":1,"minecraft:gravel":1,"minecraft:cooked_mutton":8,"twilightforest:torchberries":1,"minecraft:carrot":1,"minecraft:sandstone_wall":2,"minecraft:gunpowder":5,"minecraft:beetroot_seeds":14,"minecraft:melon_seeds":1,"minecraft:azalea":1,"comforts:sleeping_bag_white":5,"minecraft:arrow":29,"minecraft:cyan_concrete":1,"minecraft:written_book":2,"minecraft:netherrack":256,"minecraft:water_bucket":1,"minecraft:bread":1,"mowziesmobs:wrought_axe":2,"minecraft:stick":23,"irons_spellbooks:scroll":1,"minecraft:torch":4,"iceandfire:lightning_lily":1,"minecraft:map":1,"minecraft:iron_leggings":3,"minecraft:iron_axe":4,"waystones:mossy_waystone":1,"quark:yellow_shard":4,"minecraft:bucket":1,"biomeswevegone:palm_planks":1,"minecraft:redstone":128,"iceandfire:dragonbone":5,"farmersdelight:rotten_tomato":3,"comforts:sleeping_bag_purple":3,"minecraft:tuff":7,"iceandfire:witherbone":3,"minecraft:raw_iron":41,"farmersdelight:cabbage_seeds":32,"minecraft:filled_map":2,"minecraft:shield":3,"alexsmobs:lobster_tail":1,"minecraft:diamond_chestplate":1,"chipped:seeded_nether_sprouts":1,"minecraft:iron_chestplate":2,"minecraft:golden_leggings":1}},"DataVersion":3465}