{"stats":{"minecraft:dropped":{"gravestone:obituary":7,"minecraft:wooden_pickaxe":1},"minecraft:crafted":{"minecraft:crafting_table":1,"minecraft:spruce_planks":28,"minecraft:stick":24,"minecraft:wooden_pickaxe":1,"minecraft:stone_pickaxe":1,"minecraft:torch":72,"minecraft:stone_axe":1},"minecraft:used":{"minecraft:stone_pickaxe":116,"minecraft:wooden_pickaxe":15,"minecraft:torch":62,"minecraft:stone_axe":18,"minecraft:crafting_table":1,"alexsmobs:animal_dictionary":1,"comforts:sleeping_bag_white":3,"minecraft:chainmail_leggings":1},"minecraft:custom":{"minecraft:time_since_rest":8821,"minecraft:sprint_one_cm":55077,"minecraft:damage_taken":2579,"minecraft:walk_one_cm":135776,"minecraft:mob_kills":9,"minecraft:drop":8,"minecraft:damage_dealt":2033,"minecraft:interact_with_crafting_table":3,"minecraft:fly_one_cm":123421,"minecraft:open_chest":3,"minecraft:crouch_one_cm":3724,"minecraft:play_time":53606,"minecraft:sneak_time":3044,"minecraft:deaths":6,"minecraft:walk_under_water_one_cm":1273,"minecraft:jump":679,"minecraft:leave_game":2,"minecraft:time_since_death":11892,"minecraft:walk_on_water_one_cm":870,"minecraft:sleep_in_bed":3,"minecraft:total_world_time":53606,"minecraft:climb_one_cm":3196,"minecraft:fall_one_cm":15570},"minecraft:killed_by":{"minecraft:skeleton":5,"minecraft:creeper":1},"minecraft:mined":{"minecraft:podzol":2,"iceandfire:silver_ore":10,"minecraft:iron_ore":20,"treechop:chopped_log":1,"minecraft:crafting_table":1,"gravestone:gravestone":6,"minecraft:coal_ore":58,"minecraft:dirt":12,"minecraft:copper_ore":14,"minecraft:stone":29,"minecraft:wall_torch":2},"minecraft:broken":{"minecraft:chainmail_leggings":1},"minecraft:killed":{"minecraft:skeleton":1,"minecraft:zombie":5,"minecraft:spider":2},"minecraft:picked_up":{"minecraft:raw_iron":21,"minecraft:crafting_table":1,"minecraft:torch":2,"map_atlases:atlas":1,"minecraft:spruce_sapling":3,"gravestone:obituary":1,"minecraft:shield":1,"minecraft:spruce_log":7,"minecraft:dirt":14,"minecraft:string":6,"minecraft:raw_copper":61,"minecraft:bone":2,"minecraft:arrow":2,"minecraft:rotten_flesh":5,"minecraft:chainmail_leggings":1,"comforts:sleeping_bag_white":4,"minecraft:baked_potato":6,"minecraft:coal":58,"iceandfire:raw_silver":10,"minecraft:cobblestone":32}},"DataVersion":3465}