{"stats":{"minecraft:dropped":{"alexsmobs:animal_dictionary":1,"minecraft:dark_oak_sapling":1,"gravestone:obituary":4,"map_atlases:atlas":1},"minecraft:crafted":{"minecraft:dark_oak_boat":1,"minecraft:crafting_table":2,"minecraft:spruce_planks":44,"minecraft:stick":28,"minecraft:wooden_pickaxe":2,"minecraft:stone_pickaxe":1,"minecraft:stone_sword":1,"minecraft:dark_oak_planks":48,"minecraft:stone_axe":1},"minecraft:used":{"minecraft:stone_pickaxe":13,"minecraft:iron_pickaxe":16,"minecraft:wooden_pickaxe":39,"minecraft:stone_axe":11,"minecraft:glow_berries":1,"minecraft:cobblestone":14,"minecraft:dark_oak_boat":2,"minecraft:crafting_table":4},"minecraft:custom":{"minecraft:time_since_rest":7973,"minecraft:sprint_one_cm":80836,"minecraft:damage_taken":3780,"minecraft:walk_one_cm":61181,"minecraft:drop":7,"minecraft:damage_dealt":17,"minecraft:swim_one_cm":64922,"minecraft:interact_with_crafting_table":4,"minecraft:fly_one_cm":67065,"minecraft:crouch_one_cm":8589,"minecraft:play_time":36835,"minecraft:deaths":4,"minecraft:sneak_time":3243,"minecraft:walk_under_water_one_cm":5337,"minecraft:boat_one_cm":125770,"minecraft:jump":607,"minecraft:leave_game":2,"minecraft:time_since_death":7915,"minecraft:walk_on_water_one_cm":12512,"minecraft:total_world_time":36835,"minecraft:climb_one_cm":712,"minecraft:fall_one_cm":40043},"minecraft:killed_by":{"iceandfire:sea_serpent":1,"iceandfire:siren":1},"minecraft:mined":{"iceandfire:silver_ore":3,"minecraft:jungle_leaves":1,"minecraft:spruce_log":1,"treechop:chopped_log":3,"minecraft:crafting_table":4,"minecraft:cave_vines_plant":1,"gravestone:gravestone":1,"minecraft:grass":4,"minecraft:grass_block":5,"minecraft:coal_ore":9,"minecraft:dirt":1,"minecraft:cobblestone":2,"minecraft:stone":49},"minecraft:picked_up":{"minecraft:dark_oak_sapling":3,"minecraft:stick":2,"minecraft:crafting_table":4,"minecraft:feather":2,"minecraft:dark_oak_boat":1,"waystones:mossy_waystone":1,"map_atlases:atlas":3,"minecraft:spruce_sapling":6,"gravestone:obituary":1,"minecraft:spruce_log":21,"minecraft:dark_oak_log":12,"minecraft:dirt":6,"alexsmobs:animal_dictionary":1,"waystones:waystone":1,"comforts:sleeping_bag_white":1,"minecraft:iron_pickaxe":1,"minecraft:glow_berries":1,"minecraft:coal":9,"iceandfire:raw_silver":3,"minecraft:cobblestone":51}},"DataVersion":3465}