{
  "comforts:sleeping_bag_light_blue": {
    "criteria": {
      "has_the_recipe": "2024-12-20 20:20:46 +0000"
    },
    "done": true
  },
  "iceandfire:iceandfire/root": {
    "criteria": {
      "tick": "2024-12-20 20:20:46 +0000"
    },
    "done": true
  },
  "comforts:hammock_purple": {
    "criteria": {
      "has_the_recipe": "2024-12-20 20:20:46 +0000"
    },
    "done": true
  },
  "comforts:sleeping_bag_pink": {
    "criteria": {
      "has_the_recipe": "2024-12-20 20:20:46 +0000"
    },
    "done": true
  },
  "comforts:hammock_magenta": {
    "criteria": {
      "has_the_recipe": "2024-12-20 20:20:46 +0000"
    },
    "done": true
  },
  "comforts:hammock_red": {
    "criteria": {
      "has_the_recipe": "2024-12-20 20:20:46 +0000"
    },
    "done": true
  },
  "comforts:sleeping_bag_white": {
    "criteria": {
      "has_the_recipe": "2024-12-20 20:20:46 +0000"
    },
    "done": true
  },
  "comforts:sleeping_bag_gray": {
    "criteria": {
      "has_the_recipe": "2024-12-20 20:20:46 +0000"
    },
    "done": true
  },
  "comforts:rope_and_nail": {
    "criteria": {
      "has_the_recipe": "2024-12-20 20:20:46 +0000"
    },
    "done": true
  },
  "comforts:sleeping_bag_cyan": {
    "criteria": {
      "has_the_recipe": "2024-12-20 20:20:46 +0000"
    },
    "done": true
  },
  "biomeswevegone:biomeswevegone/root": {
    "criteria": {
      "tick": "2024-12-20 20:20:46 +0000"
    },
    "done": true
  },
  "dungeons_arise:wda_root": {
    "criteria": {
      "WDA": "2024-12-20 20:20:46 +0000"
    },
    "done": true
  },
  "comforts:sleeping_bag_light_gray": {
    "criteria": {
      "has_the_recipe": "2024-12-20 20:20:46 +0000"
    },
    "done": true
  },
  "comforts:hammock_black": {
    "criteria": {
      "has_the_recipe": "2024-12-20 20:20:46 +0000"
    },
    "done": true
  },
  "farmersdelight:main/root": {
    "criteria": {
      "seeds": "2024-12-20 20:20:46 +0000"
    },
    "done": true
  },
  "the_bumblezone:root": {
    "criteria": {
      "instant_granted": "2024-12-20 20:20:46 +0000"
    },
    "done": true
  },
  "create:root": {
    "criteria": {
      "0": "2024-12-20 20:20:46 +0000"
    },
    "done": true
  },
  "comforts:hammock_gray": {
    "criteria": {
      "has_the_recipe": "2024-12-20 20:20:46 +0000"
    },
    "done": true
  },
  "comforts:hammock_cyan": {
    "criteria": {
      "has_the_recipe": "2024-12-20 20:20:46 +0000"
    },
    "done": true
  },
  "comforts:sleeping_bag_purple": {
    "criteria": {
      "has_the_recipe": "2024-12-20 20:20:46 +0000"
    },
    "done": true
  },
  "comforts:sleeping_bag_green": {
    "criteria": {
      "has_the_recipe": "2024-12-20 20:20:46 +0000"
    },
    "done": true
  },
  "comforts:hammock_light_blue": {
    "criteria": {
      "has_the_recipe": "2024-12-20 20:20:46 +0000"
    },
    "done": true
  },
  "the_bumblezone:wiki": {
    "criteria": {
      "instant_granted": "2024-12-20 20:20:46 +0000"
    },
    "done": true
  },
  "comforts:sleeping_bag_magenta": {
    "criteria": {
      "has_the_recipe": "2024-12-20 20:20:46 +0000"
    },
    "done": true
  },
  "comforts:hammock_green": {
    "criteria": {
      "has_the_recipe": "2024-12-20 20:20:46 +0000"
    },
    "done": true
  },
  "comforts:sleeping_bag_black": {
    "criteria": {
      "has_the_recipe": "2024-12-20 20:20:46 +0000"
    },
    "done": true
  },
  "comforts:hammock_lime": {
    "criteria": {
      "has_the_recipe": "2024-12-20 20:20:46 +0000"
    },
    "done": true
  },
  "comforts:sleeping_bag_red": {
    "criteria": {
      "has_the_recipe": "2024-12-20 20:20:46 +0000"
    },
    "done": true
  },
  "comforts:sleeping_bag_orange": {
    "criteria": {
      "has_the_recipe": "2024-12-20 20:20:46 +0000"
    },
    "done": true
  },
  "comforts:hammock_blue": {
    "criteria": {
      "has_the_recipe": "2024-12-20 20:20:46 +0000"
    },
    "done": true
  },
  "comforts:hammock_white": {
    "criteria": {
      "has_the_recipe": "2024-12-20 20:20:46 +0000"
    },
    "done": true
  },
  "mowziesmobs:root": {
    "criteria": {
      "custom_test_name": "2024-12-20 20:20:46 +0000"
    },
    "done": true
  },
  "comforts:hammock_light_gray": {
    "criteria": {
      "has_the_recipe": "2024-12-20 20:20:46 +0000"
    },
    "done": true
  },
  "comforts:sleeping_bag_brown": {
    "criteria": {
      "has_the_recipe": "2024-12-20 20:20:46 +0000"
    },
    "done": true
  },
  "betterdungeons:root": {
    "criteria": {
      "always": "2024-12-20 20:20:46 +0000"
    },
    "done": true
  },
  "comforts:hammock_pink": {
    "criteria": {
      "has_the_recipe": "2024-12-20 20:20:46 +0000"
    },
    "done": true
  },
  "comforts:hammock_brown": {
    "criteria": {
      "has_the_recipe": "2024-12-20 20:20:46 +0000"
    },
    "done": true
  },
  "comforts:sleeping_bag_lime": {
    "criteria": {
      "has_the_recipe": "2024-12-20 20:20:46 +0000"
    },
    "done": true
  },
  "comforts:hammock_yellow": {
    "criteria": {
      "has_the_recipe": "2024-12-20 20:20:46 +0000"
    },
    "done": true
  },
  "comforts:sleeping_bag_blue": {
    "criteria": {
      "has_the_recipe": "2024-12-20 20:20:46 +0000"
    },
    "done": true
  },
  "betterdeserttemples:root": {
    "criteria": {
      "always": "2024-12-20 20:20:46 +0000"
    },
    "done": true
  },
  "cataclysm:root": {
    "criteria": {
      "custom_test_name": "2024-12-20 20:20:46 +0000"
    },
    "done": true
  },
  "comforts:sleeping_bag_yellow": {
    "criteria": {
      "has_the_recipe": "2024-12-20 20:20:46 +0000"
    },
    "done": true
  },
  "irons_spellbooks:grant_patchouli": {
    "criteria": {
      "tick": "2024-12-20 20:20:46 +0000"
    },
    "done": true
  },
  "incendium:technical/new_player": {
    "criteria": {
      "requirement": "2024-12-20 20:20:46 +0000"
    },
    "done": true
  },
  "comforts:hammock_orange": {
    "criteria": {
      "has_the_recipe": "2024-12-20 20:20:46 +0000"
    },
    "done": true
  },
  "incendium:technical/scroll_of_returning": {
    "criteria": {
      "log_spam_fixer": "2024-12-20 20:20:47 +0000"
    },
    "done": false
  },
  "incendium:technical/using/ragnarok": {
    "criteria": {
      "log_spam_fixer": "2024-12-20 20:20:47 +0000"
    },
    "done": false
  },
  "biomesoplenty:biomesoplenty/root": {
    "criteria": {
      "mediterranean_forest": "2024-12-20 20:20:47 +0000"
    },
    "done": true
  },
  "incendium:technical/using/trailblazer": {
    "criteria": {
      "log_spam_fixer": "2024-12-20 20:20:47 +0000"
    },
    "done": false
  },
  "biomesoplenty:biomesoplenty/all_biomes": {
    "criteria": {
      "woodland": "2024-12-24 14:50:31 +0000",
      "shrubland": "2024-12-24 14:49:04 +0000",
      "scrubland": "2024-12-23 16:42:27 +0000",
      "orchard": "2024-12-24 14:25:38 +0000",
      "lavender_forest": "2024-12-24 14:37:34 +0000",
      "mediterranean_forest": "2024-12-20 20:20:47 +0000",
      "redwood_forest": "2024-12-24 14:37:14 +0000",
      "dune_beach": "2024-12-23 17:10:40 +0000",
      "pasture": "2024-12-23 22:18:57 +0000",
      "lavender_field": "2024-12-23 16:43:29 +0000",
      "undergrowth": "2024-12-26 18:38:41 +0000",
      "tropics": "2024-12-24 00:21:17 +0000"
    },
    "done": false
  },
  "incendium:technical/using/shield": {
    "criteria": {
      "log_spam_fixer": "2024-12-20 20:20:47 +0000"
    },
    "done": false
  },
  "minecraft:adventure/adventuring_time": {
    "criteria": {
      "minecraft:snowy_slopes": "2024-12-24 14:39:22 +0000",
      "minecraft:old_growth_pine_taiga": "2024-12-23 23:33:11 +0000",
      "minecraft:mushroom_fields": "2024-12-24 00:17:41 +0000",
      "minecraft:deep_ocean": "2024-12-24 01:19:08 +0000",
      "minecraft:eroded_badlands": "2024-12-24 14:13:53 +0000",
      "minecraft:badlands": "2024-12-24 14:14:01 +0000",
      "minecraft:savanna_plateau": "2024-12-23 22:55:29 +0000",
      "minecraft:beach": "2024-12-20 20:22:17 +0000",
      "minecraft:river": "2024-12-20 20:23:46 +0000",
      "minecraft:stony_shore": "2024-12-24 14:25:05 +0000",
      "minecraft:dripstone_caves": "2024-12-24 14:15:27 +0000",
      "minecraft:jagged_peaks": "2024-12-24 14:38:35 +0000",
      "minecraft:ocean": "2024-12-23 19:27:30 +0000",
      "minecraft:old_growth_spruce_taiga": "2024-12-23 23:32:59 +0000",
      "minecraft:deep_lukewarm_ocean": "2024-12-24 00:15:10 +0000",
      "minecraft:flower_forest": "2024-12-23 18:06:49 +0000",
      "minecraft:savanna": "2024-12-23 22:27:39 +0000",
      "minecraft:plains": "2024-12-23 19:28:00 +0000"
    },
    "done": false
  },
  "alexsmobs:alexsmobs/grizzly_bear": {
    "criteria": {
      "killed_by": "2024-12-20 20:23:34 +0000"
    },
    "done": true
  },
  "dungeons_arise:find_lighthouse": {
    "criteria": {
      "location0": "2024-12-20 20:23:46 +0000"
    },
    "done": true
  },
  "dungeons_arise:find_small_blimp": {
    "criteria": {
      "location0": "2024-12-20 20:25:45 +0000"
    },
    "done": true
  },
  "alexscaves:alexscaves/discover_primordial_caves": {
    "criteria": {
      "discover": "2024-12-20 20:52:02 +0000"
    },
    "done": true
  },
  "twilightforest:arborist": {
    "criteria": {
      "transformation_leaves": "2024-12-20 20:53:28 +0000"
    },
    "done": false
  },
  "aquamirae:adventure/root": {
    "criteria": {
      "crafting_table": "2024-12-23 16:33:42 +0000"
    },
    "done": true
  },
  "minecraft:story/root": {
    "criteria": {
      "crafting_table": "2024-12-23 16:33:42 +0000"
    },
    "done": true
  },
  "minecraft:story/mine_stone": {
    "criteria": {
      "get_stone": "2024-12-23 16:36:41 +0000"
    },
    "done": true
  },
  "minecraft:story/upgrade_tools": {
    "criteria": {
      "stone_pickaxe": "2024-12-23 16:37:02 +0000"
    },
    "done": true
  },
  "minecraft:adventure/root": {
    "criteria": {
      "killed_something": "2024-12-23 16:40:13 +0000"
    },
    "done": true
  },
  "minecraft:adventure/kill_all_mobs": {
    "criteria": {
      "minecraft:pillager": "2024-12-23 17:15:21 +0000",
      "minecraft:blaze": "2024-12-26 18:38:03 +0000",
      "minecraft:skeleton": "2024-12-23 16:51:20 +0000",
      "minecraft:hoglin": "2024-12-26 22:37:34 +0000",
      "minecraft:magma_cube": "2024-12-23 17:28:09 +0000",
      "minecraft:spider": "2024-12-23 21:45:16 +0000",
      "minecraft:creeper": "2024-12-23 17:58:58 +0000",
      "minecraft:evoker": "2024-12-24 01:20:29 +0000",
      "quark:forgotten": "2024-12-24 00:47:35 +0000",
      "minecraft:zombified_piglin": "2024-12-26 22:27:03 +0000",
      "minecraft:wither_skeleton": "2024-12-26 18:37:08 +0000",
      "minecraft:husk": "2024-12-23 22:31:58 +0000",
      "minecraft:cave_spider": "2024-12-24 00:55:06 +0000",
      "minecraft:enderman": "2024-12-23 21:10:04 +0000",
      "minecraft:vex": "2024-12-24 01:20:32 +0000",
      "minecraft:zombie": "2024-12-23 16:40:13 +0000",
      "minecraft:drowned": "2024-12-23 18:12:42 +0000",
      "minecraft:zombie_villager": "2024-12-24 13:59:46 +0000"
    },
    "done": false
  },
  "minecraft:adventure/kill_a_mob": {
    "criteria": {
      "minecraft:zombie": "2024-12-23 16:40:13 +0000"
    },
    "done": true
  },
  "minecraft:adventure/sleep_in_bed": {
    "criteria": {
      "slept_in_bed": "2024-12-23 16:40:20 +0000"
    },
    "done": true
  },
  "farmersdelight:main/get_fd_seed": {
    "criteria": {
      "cabbage_seeds": "2024-12-23 16:50:15 +0000"
    },
    "done": true
  },
  "minecraft:story/obtain_armor": {
    "criteria": {
      "iron_helmet": "2024-12-23 17:05:56 +0000"
    },
    "done": true
  },
  "minecraft:story/iron_tools": {
    "criteria": {
      "iron_pickaxe": "2024-12-23 17:05:58 +0000"
    },
    "done": true
  },
  "minecraft:story/smelt_iron": {
    "criteria": {
      "iron": "2024-12-23 17:25:05 +0000"
    },
    "done": true
  },
  "minecraft:story/mine_diamond": {
    "criteria": {
      "diamond": "2024-12-23 17:28:47 +0000"
    },
    "done": true
  },
  "alexsmobs:alexsmobs/root": {
    "criteria": {
      "useitem": "2024-12-23 17:37:31 +0000"
    },
    "done": true
  },
  "biomeswevegone:biomeswevegone/husbandry/root": {
    "criteria": {
      "consumed_item": "2024-12-23 17:37:31 +0000"
    },
    "done": true
  },
  "minecraft:husbandry/root": {
    "criteria": {
      "consumed_item": "2024-12-23 17:37:31 +0000"
    },
    "done": true
  },
  "iceandfire:iceandfire/kill_ghost": {
    "criteria": {
      "killed_fire_dragon": "2024-12-23 17:42:39 +0000"
    },
    "done": true
  },
  "create:copper": {
    "criteria": {
      "0": "2024-12-23 17:42:48 +0000"
    },
    "done": true
  },
  "biomeswevegone:biomeswevegone/adventure/oh_the_biomes_weve_gone": {
    "criteria": {
      "biomeswevegone:araucaria_savanna": "2024-12-23 17:42:59 +0000",
      "biomeswevegone:rugged_badlands": "2024-12-23 23:34:37 +0000",
      "biomeswevegone:forgotten_forest": "2024-12-24 14:25:32 +0000",
      "biomeswevegone:red_rock_valley": "2024-12-24 14:22:19 +0000",
      "biomeswevegone:firecracker_chaparral": "2024-12-23 23:02:20 +0000",
      "biomeswevegone:lush_stacks": "2024-12-24 00:16:30 +0000",
      "biomeswevegone:ironwood_gour": "2024-12-23 22:26:26 +0000",
      "biomeswevegone:prairie": "2024-12-23 18:09:04 +0000",
      "biomeswevegone:allium_shrubland": "2024-12-23 22:19:35 +0000",
      "biomeswevegone:baobab_savanna": "2024-12-23 22:59:51 +0000",
      "biomeswevegone:rainbow_beach": "2024-12-24 01:01:14 +0000"
    },
    "done": false
  },
  "biomeswevegone:biomeswevegone/adventure/root": {
    "criteria": {
      "biomeswevegone:araucaria_savanna": "2024-12-23 17:42:59 +0000"
    },
    "done": true
  },
  "mowziesmobs:kill_umvuthana_raptor": {
    "criteria": {
      "umvuthana_raptor": "2024-12-23 17:49:14 +0000"
    },
    "done": true
  },
  "minecraft:husbandry/plant_seed": {
    "criteria": {
      "beetroots": "2024-12-23 18:03:55 +0000"
    },
    "done": true
  },
  "farmersdelight:main/plant_all_crops": {
    "criteria": {
      "cabbage": "2024-12-23 18:30:17 +0000",
      "onion": "2024-12-23 21:47:08 +0000",
      "tomato": "2024-12-23 21:44:30 +0000",
      "rice": "2024-12-23 20:50:27 +0000",
      "beetroot": "2024-12-23 18:03:55 +0000",
      "potato": "2024-12-23 18:57:39 +0000",
      "nether_wart": "2024-12-26 18:50:36 +0000",
      "wheat": "2024-12-24 00:12:40 +0000",
      "carrot": "2024-12-24 00:27:04 +0000"
    },
    "done": false
  },
  "biomeswevegone:biomeswevegone/husbandry/johnny_appleseed": {
    "criteria": {
      "apple": "2024-12-23 18:09:02 +0000"
    },
    "done": false
  },
  "minecraft:story/deflect_arrow": {
    "criteria": {
      "deflected_projectile": "2024-12-23 18:40:45 +0000"
    },
    "done": true
  },
  "twilightforest:root": {
    "criteria": {
      "make_portal": "2024-12-23 18:48:36 +0000"
    },
    "done": true
  },
  "twilightforest:twilight_hunter": {
    "criteria": {
      "kobold": "2024-12-23 18:53:00 +0000"
    },
    "done": true
  },
  "minecraft_121_update:trial_chambers_start_advancement": {
    "criteria": {
      "trial_chambers_start_advancement": "2024-12-23 18:55:51 +0000"
    },
    "done": true
  },
  "the_bumblezone:teleportation/is_near_beehive": {
    "criteria": {
      "is_near_beehive": "2024-12-23 19:30:54 +0000"
    },
    "done": true
  },
  "the_bumblezone:teleportation/teleport_to_bumblezone_pearl": {
    "criteria": {
      "teleport_to_bumblezone_pearl": "2024-12-23 19:31:11 +0000"
    },
    "done": true
  },
  "the_bumblezone:pollen_pile/hide_in_pollen_pile": {
    "criteria": {
      "strong_hidden": "2024-12-23 19:31:13 +0000"
    },
    "done": true
  },
  "the_bumblezone:biomes/discover_all_biomes": {
    "criteria": {
      "pollinated_pillar": "2024-12-23 19:31:14 +0000",
      "sugar_water_floor": "2024-12-23 19:32:34 +0000",
      "hive_pillar": "2024-12-23 19:49:39 +0000",
      "hive_wall": "2024-12-23 19:47:54 +0000",
      "pollinated_fields": "2024-12-23 19:31:17 +0000"
    },
    "done": false
  },
  "the_bumblezone:teleportation/teleport_out_of_bumblezone": {
    "criteria": {
      "teleport_out_of_bumblezone": "2024-12-23 19:55:50 +0000"
    },
    "done": true
  },
  "farmersdelight:main/craft_knife": {
    "criteria": {
      "iron_knife": "2024-12-23 20:44:23 +0000"
    },
    "done": true
  },
  "farmersdelight:main/plant_rice": {
    "criteria": {
      "plant_rice": "2024-12-23 20:50:27 +0000"
    },
    "done": true
  },
  "alexscaves:alexscaves/root": {
    "criteria": {
      "underground_cabin": "2024-12-23 21:14:44 +0000"
    },
    "done": true
  },
  "alexscaves:alexscaves/cave_tablet": {
    "criteria": {
      "cave_tablet": "2024-12-23 21:15:15 +0000"
    },
    "done": true
  },
  "minecraft:story/shiny_gear": {
    "criteria": {
      "diamond_chestplate": "2024-12-23 21:16:56 +0000"
    },
    "done": true
  },
  "farmersdelight:main/harvest_straw": {
    "criteria": {
      "harvest_straw": "2024-12-23 21:41:24 +0000"
    },
    "done": true
  },
  "call_of_yucutan:obtain_pepper_seeds": {
    "criteria": {
      "obtain_pepper_seeds_0": "2024-12-23 21:43:29 +0000"
    },
    "done": true
  },
  "alexscaves:alexscaves/cave_book": {
    "criteria": {
      "cave_book": "2024-12-23 22:04:06 +0000"
    },
    "done": true
  },
  "alexscaves:alexscaves/cave_codex": {
    "criteria": {
      "cave_codex": "2024-12-23 22:08:39 +0000"
    },
    "done": true
  },
  "alexscaves:alexscaves/cave_map": {
    "criteria": {
      "cave_map": "2024-12-23 22:09:31 +0000"
    },
    "done": true
  },
  "mowziesmobs:sneak_grove": {
    "criteria": {
      "steal_crystal": "2024-12-23 22:17:46 +0000"
    },
    "done": true
  },
  "mowziesmobs:kill_umvuthi": {
    "criteria": {
      "barako": "2024-12-23 22:17:53 +0000"
    },
    "done": true
  },
  "biomeswevegone:biomeswevegone/adventure/little_house_on_the_prairie": {
    "criteria": {
      "abondoned_prairie_house": "2024-12-23 22:22:01 +0000"
    },
    "done": false
  },
  "dungeons_arise:find_bathhouse": {
    "criteria": {
      "location0": "2024-12-23 22:28:41 +0000"
    },
    "done": true
  },
  "dungeons_arise:find_monasteries": {
    "criteria": {
      "location0": "2024-12-23 23:32:29 +0000"
    },
    "done": true
  },
  "dungeons_arise:find_bandit_towers": {
    "criteria": {
      "location0": "2024-12-23 23:34:37 +0000"
    },
    "done": true
  },
  "biomeswevegone:biomeswevegone/adventure/inside_quicksand": {
    "criteria": {
      "inside_quicksand": "2024-12-23 23:35:41 +0000"
    },
    "done": true
  },
  "minecraft:story/form_obsidian": {
    "criteria": {
      "obsidian": "2024-12-23 23:50:17 +0000"
    },
    "done": true
  },
  "alexscaves:alexscaves/discover_abyssal_chasm": {
    "criteria": {
      "discover": "2024-12-24 00:19:38 +0000"
    },
    "done": true
  },
  "minecraft:husbandry/balanced_diet": {
    "criteria": {
      "honey_bottle": "2024-12-24 00:26:13 +0000"
    },
    "done": false
  },
  "dungeons_arise:find_illager_corsair_or_illager_galley": {
    "criteria": {
      "location0": "2024-12-24 01:19:18 +0000"
    },
    "done": true
  },
  "alexsmobs:alexsmobs/seagull_steal": {
    "criteria": {
      "ex": "2024-12-24 13:53:27 +0000"
    },
    "done": true
  },
  "minecraft:nether/obtain_blaze_rod": {
    "criteria": {
      "blaze_rod": "2024-12-24 14:35:54 +0000"
    },
    "done": true
  },
  "quark:get_forgotten_hat": {
    "criteria": {
      "get_forgotten_hat": "2024-12-24 15:41:05 +0000"
    },
    "done": true
  },
  "minecraft:story/enchant_item": {
    "criteria": {
      "enchanted_item": "2024-12-24 15:46:32 +0000"
    },
    "done": true
  },
  "farmersdelight:main/harvest_ropelogged_tomato": {
    "criteria": {
      "harvest_ropelogged_tomato": "2024-12-26 17:20:27 +0000"
    },
    "done": true
  },
  "minecraft:adventure/voluntary_exile": {
    "criteria": {
      "voluntary_exile": "2024-12-26 18:32:20 +0000"
    },
    "done": true
  },
  "incendium:root": {
    "criteria": {
      "requirement": "2024-12-26 18:36:04 +0000"
    },
    "done": true
  },
  "minecraft:nether/root": {
    "criteria": {
      "entered_nether": "2024-12-26 18:36:04 +0000"
    },
    "done": true
  },
  "minecraft:story/enter_the_nether": {
    "criteria": {
      "entered_nether": "2024-12-26 18:36:04 +0000"
    },
    "done": true
  },
  "minecraft:nether/explore_nether": {
    "criteria": {
      "minecraft:crimson_forest": "2024-12-26 18:36:13 +0000"
    },
    "done": false
  },
  "minecraft:nether/find_fortress": {
    "criteria": {
      "in_better_fortress": "2024-12-26 18:37:00 +0000"
    },
    "done": true
  },
  "alexsmobs:alexsmobs/crimson_mosquito": {
    "criteria": {
      "killed_by": "2024-12-26 18:40:50 +0000"
    },
    "done": true
  },
  "farmersdelight:main/place_skillet": {
    "criteria": {
      "skillet": "2024-12-26 19:46:40 +0000"
    },
    "done": true
  },
  "incendium:technical/sentrys_wrath": {
    "criteria": {
      "log_spam_fixer": "2024-12-26 22:41:23 +0000"
    },
    "done": false
  },
  "incendium:technical/inventory/sentrys_wrath": {
    "criteria": {
      "log_spam_fixer": "2024-12-26 22:41:23 +0000"
    },
    "done": false
  },
  "incendium:technical/multiplex_crossbow": {
    "criteria": {
      "log_spam_fixer": "2024-12-26 22:41:23 +0000"
    },
    "done": false
  },
  "incendium:technical/feed_ghastling": {
    "criteria": {
      "log_spam_fixer": "2024-12-26 22:41:23 +0000"
    },
    "done": false
  },
  "incendium:technical/on_inventory_change": {
    "criteria": {
      "log_spam_fixer": "2024-12-26 22:41:23 +0000"
    },
    "done": false
  },
  "incendium:technical/on_player_hurt": {
    "criteria": {
      "log_spam_fixer": "2024-12-26 22:41:23 +0000"
    },
    "done": false
  },
  "incendium:technical/firestorm": {
    "criteria": {
      "log_spam_fixer": "2024-12-26 22:41:23 +0000"
    },
    "done": false
  },
  "incendium:technical/holy_wrath": {
    "criteria": {
      "log_spam_fixer": "2024-12-26 22:41:23 +0000"
    },
    "done": false
  },
  "incendium:technical/on_block": {
    "criteria": {
      "log_spam_fixer": "2024-12-26 22:41:23 +0000"
    },
    "done": false
  },
  "incendium:technical/inventory/firestorm": {
    "criteria": {
      "log_spam_fixer": "2024-12-26 22:41:23 +0000"
    },
    "done": false
  },
  "incendium:technical/give_ghastling": {
    "criteria": {
      "log_spam_fixer": "2024-12-26 22:41:23 +0000"
    },
    "done": false
  },
  "incendium:technical/on_kill": {
    "criteria": {
      "log_spam_fixer": "2024-12-26 22:41:23 +0000"
    },
    "done": false
  },
  "incendium:withered_forest/kill_spirit": {
    "criteria": {
      "requirement": "2024-12-26 22:41:19 +0000"
    },
    "done": true
  },
  "incendium:misc/root": {
    "criteria": {
      "incendium:weeping_valley": "2024-12-26 22:39:45 +0000"
    },
    "done": true
  },
  "incendium:misc/soul_searcher": {
    "criteria": {
      "incendium:weeping_valley": "2024-12-26 22:39:45 +0000"
    },
    "done": false
  },
  "DataVersion": 3465
}